"id","rule","origin_tax","tax","group","sii_book_key","sii_issued_key","sii_received_key","sii_intracomunitary_key","sii_subjected","sii_except_type","intra type","sii_tax_used","sii_invoice_used"
"fptt_extra_4","fp_extra","iva_sop_4","iva_X4_compras_bc","tax_group_purchase",,,,,,,,"False","False"
"fptt_extra_4_inv","fp_extra","iva_sop_4_inv","iva_X4_compras_bi","tax_group_purchase",,,,,,,,"False","False"
"fptt_extra_10","fp_extra","iva_sop_10","iva_X10_compras_bc","tax_group_purchase",,,,,,,,"False","False"
"fptt_extra_10_inv","fp_extra","iva_sop_10_inv","iva_X10_compras_bi","tax_group_purchase",,,,,,,,"False","False"
"fptt_extra_21","fp_extra","iva_sop_21","iva_X21_compras_bc","tax_group_purchase",,,,,,,,"False","False"
"fptt_extra_21_inv","fp_extra","iva_sop_21_inv","iva_X21_compras_bi","tax_group_purchase",,,,,,,,"False","False"
"fptt_extra_ventas_4","fp_extra","iva_rep_4","iva_X0","tax_group_sale",,,,,,,,"False","False"
"fptt_extra_ventas_10","fp_extra","iva_rep_10","iva_X0","tax_group_sale",,,,,,,,"False","False"
"fptt_extra_ventas_21","fp_extra","iva_rep_21","iva_X0","tax_group_sale",,,,,,,,"False","False"
"fptt_intra_4","fp_intra","iva_sop_4","iva_IC_compras_4_bc","tax_group_purchase",,,,,,,,"False","False"
"fptt_intra_4_inv","fp_intra","iva_sop_4_inv","iva_IC_compras_4_bi","tax_group_purchase",,,,,,,,"False","False"
"fptt_intra_10","fp_intra","iva_sop_10","iva_IC_compras_10_bc","tax_group_purchase",,,,,,,,"False","False"
"fptt_intra_10_inv","fp_intra","iva_sop_10_inv","iva_IC_compras_10_bi","tax_group_purchase",,,,,,,,"False","False"
"fptt_intra_21","fp_intra","iva_sop_21","iva_IC_compras_21_bc","tax_group_purchase",,,,,,,,"False","False"
"fptt_intra_21_inv","fp_intra","iva_sop_21_inv","iva_IC_compras_21_bi","tax_group_purchase",,,,,,,,"False","False"
"fptt_intra_ventas_4","fp_intra","iva_rep_4","iva_IO","tax_group_sale",,,,,,,,"False","False"
"fptt_intra_ventas_10","fp_intra","iva_rep_10","iva_IO","tax_group_sale",,,,,,,,"False","False"
"fptt_intra_ventas_21","fp_intra","iva_rep_21","iva_IO","tax_group_sale",,,,,,,,"False","False"
"fptt_intra_serv_4","fp_intra_serv","iva_sop_4","iva_IC_compras_4_bc","tax_group_purchase",,,,,,,,"False","False"
"fptt_intra_serv_4_inv","fp_intra_serv","iva_sop_4_inv","iva_IC_compras_4_bi","tax_group_purchase",,,,,,,,"False","False"
"fptt_intra_serv_10","fp_intra_serv","iva_sop_10","iva_IC_compras_10_bc","tax_group_purchase",,,,,,,,"False","False"
"fptt_intra_serv_10_inv","fp_intra_serv","iva_sop_10_inv","iva_IC_compras_10_bi","tax_group_purchase",,,,,,,,"False","False"
"fptt_intra_serv_21","fp_intra_serv","iva_sop_21","iva_IC_compras_21_bc","tax_group_purchase",,,,,,,,"False","False"
"fptt_intra_serv_21_inv","fp_intra_serv","iva_sop_21_inv","iva_IC_compras_21_bi","tax_group_purchase",,,,,,,,"False","False"
"fptt_intra_serv_ventas_4","fp_intra_serv","iva_rep_4","iva_IO_serv","tax_group_sale",,,,,,,,"False","False"
"fptt_intra_serv_ventas_10","fp_intra_serv","iva_rep_10","iva_IO_serv","tax_group_sale",,,,,,,,"False","False"
"fptt_intra_serv_ventas_21","fp_intra_serv","iva_rep_21","iva_IO_serv","tax_group_sale",,,,,,,,"False","False"
"fptt_recargo_4","fp_recargo","iva_rep_4","iva_rep_4","tax_group_sale","E",1,,,"S1",,,"True","True"
"fptt_recargo_4_2","fp_recargo","iva_rep_4","re_05","tax_group_sale","E",1,,,"S1",,,"True","True"
"fptt_recargo_10","fp_recargo","iva_rep_10","iva_rep_10","tax_group_sale","E",1,,,"S1",,,"True","True"
"fptt_recargo_10_2","fp_recargo","iva_rep_10","re_14","tax_group_sale","E",1,,,"S1",,,"True","True"
"fptt_recargo_21","fp_recargo","iva_rep_21","iva_rep_21","tax_group_sale","E",1,,,"S1",,,"True","True"
"fptt_recargo_21_2","fp_recargo","iva_rep_21","re_52","tax_group_sale","E",1,,,"S1",,,"True","True"
"fptt_recargo_buy_4","fp_recargo","iva_sop_4","iva_sop_4","tax_group_purchase","R",,1,,"S1",,,"True","True"
"fptt_recargo_buy_4_2","fp_recargo","iva_sop_4","re_buy_05","tax_group_purchase","R",,1,,"S1",,,"True","True"
"fptt_recargo_buy_10","fp_recargo","iva_sop_10","iva_sop_10","tax_group_purchase","R",,1,,"S1",,,"True","True"
"fptt_recargo_buy_10_2","fp_recargo","iva_sop_10","re_buy_14","tax_group_purchase","R",,1,,"S1",,,"True","True"
"fptt_recargo_buy_4_inv","fp_recargo","iva_sop_4_inv","iva_sop_4_inv","tax_group_purchase","R",,1,,"S1",,,"True","True"
"fptt_recargo_buy_4_2_inv","fp_recargo","iva_sop_4_inv","re_buy_05","tax_group_purchase","R",,1,,"S1",,,"True","True"
"fptt_recargo_buy_10_inv","fp_recargo","iva_sop_10_inv","iva_sop_10_inv","tax_group_purchase","R",,1,,"S1",,,"True","True"
"fptt_recargo_buy_10_2_inv","fp_recargo","iva_sop_10_inv","re_buy_14","tax_group_purchase","R",,1,,"S1",,,"True","True"
"fptt_recargo_buy_21","fp_recargo","iva_sop_21","iva_sop_21","tax_group_purchase","R",,1,,"S1",,,"True","True"
"fptt_recargo_buy_21_2","fp_recargo","iva_sop_21","re_buy_52","tax_group_purchase","R",,1,,"S1",,,"True","True"
"fptt_recargo_buy_21_inv","fp_recargo","iva_sop_21_inv","iva_sop_21_inv","tax_group_purchase","R",,1,,"S1",,,"True","True"
"fptt_recargo_buy_21_2_inv","fp_recargo","iva_sop_21_inv","re_buy_52","tax_group_purchase","R",,1,,"S1",,,"True","True"
"fptt_recc_com_04","fp_recc","iva_sop_4","iva_sop_4_recc","tax_group_purchase",,,,,,,,"False","False"
"fptt_recc_com_10","fp_recc","iva_sop_10","iva_sop_10_recc","tax_group_purchase",,,,,,,,"False","False"
"fptt_recc_com_21","fp_recc","iva_sop_21","iva_sop_21_recc","tax_group_purchase",,,,,,,,"False","False"
"fptt_recc_ven_04","fp_recc","iva_rep_4","iva_rep_4_recc","tax_group_sale",,,,,,,,"False","False"
"fptt_recc_ven_10","fp_recc","iva_rep_10","iva_rep_10_recc","tax_group_sale",,,,,,,,"False","False"
"fptt_recc_ven_21","fp_recc","iva_rep_21","iva_rep_21_recc","tax_group_sale",,,,,,,,"False","False"
"fptt_irpf37sale_21","fp_irpf37","iva_rep_21","iva_rep_21","tax_group_sale",,,,,,,,"False","False"
"fptt_irpf37sale_21_2","fp_irpf37","iva_rep_21","irpf_sale_37","tax_group_sale",,,,,,,,"False","False"
"fptt_irpf37sale_10","fp_irpf37","iva_rep_10","iva_rep_10","tax_group_sale",,,,,,,,"False","False"
"fptt_irpf37sale_10_2","fp_irpf37","iva_rep_10","irpf_sale_37","tax_group_sale",,,,,,,,"False","False"
"fptt_irpf37sale_4","fp_irpf37","iva_rep_4","iva_rep_4","tax_group_sale",,,,,,,,"False","False"
"fptt_irpf37sale_4_2","fp_irpf37","iva_rep_4","irpf_sale_37","tax_group_sale",,,,,,,,"False","False"
"fptt_irpf37_21","fp_irpf37","iva_sop_21","iva_sop_21","tax_group_purchase",,,,,,,,"False","False"
"fptt_irpf37_21_2","fp_irpf37","iva_sop_21","irpf_37","tax_group_purchase",,,,,,,,"False","False"
"fptt_irpf37_10","fp_irpf37","iva_sop_10","iva_sop_10","tax_group_purchase",,,,,,,,"False","False"
"fptt_irpf37_10_2","fp_irpf37","iva_sop_10","irpf_37","tax_group_purchase",,,,,,,,"False","False"
"fptt_irpf37_4","fp_irpf37","iva_sop_4","iva_sop_4","tax_group_purchase",,,,,,,,"False","False"
"fptt_irpf37_4_2","fp_irpf37","iva_sop_4","irpf_37","tax_group_purchase",,,,,,,,"False","False"
"fptt_irpf35sale_21","fp_irpf35","iva_rep_21","iva_rep_21","tax_group_sale",,,,,,,,"False","False"
"fptt_irpf35sale_21_2","fp_irpf35","iva_rep_21","irpf_sale_35","tax_group_sale",,,,,,,,"False","False"
"fptt_irpf35sale_10","fp_irpf35","iva_rep_10","iva_rep_10","tax_group_sale",,,,,,,,"False","False"
"fptt_irpf35sale_10_2","fp_irpf35","iva_rep_10","irpf_sale_35","tax_group_sale",,,,,,,,"False","False"
"fptt_irpf35sale_4","fp_irpf35","iva_rep_4","iva_rep_4","tax_group_sale",,,,,,,,"False","False"
"fptt_irpf35sale_4_2","fp_irpf35","iva_rep_4","irpf_sale_35","tax_group_sale",,,,,,,,"False","False"
"fptt_irpf35_21","fp_irpf35","iva_sop_21","iva_sop_21","tax_group_purchase",,,,,,,,"False","False"
"fptt_irpf35_21_2","fp_irpf35","iva_sop_21","irpf_35","tax_group_purchase",,,,,,,,"False","False"
"fptt_irpf35_10","fp_irpf35","iva_sop_10","iva_sop_10","tax_group_purchase",,,,,,,,"False","False"
"fptt_irpf35_10_2","fp_irpf35","iva_sop_10","irpf_35","tax_group_purchase",,,,,,,,"False","False"
"fptt_irpf35_4","fp_irpf35","iva_sop_4","iva_sop_4","tax_group_purchase",,,,,,,,"False","False"
"fptt_irpf35_4_2","fp_irpf35","iva_sop_4","irpf_35","tax_group_purchase",,,,,,,,"False","False"
"fptt_irpf21sale_21","fp_irpf21","iva_rep_21","iva_rep_21","tax_group_sale",,,,,,,,"False","False"
"fptt_irpf21sale_21_2","fp_irpf21","iva_rep_21","irpf_sale_21","tax_group_sale",,,,,,,,"False","False"
"fptt_irpf21sale_10","fp_irpf21","iva_rep_10","iva_rep_10","tax_group_sale",,,,,,,,"False","False"
"fptt_irpf21sale_10_2","fp_irpf21","iva_rep_10","irpf_sale_21","tax_group_sale",,,,,,,,"False","False"
"fptt_irpf21sale_4","fp_irpf21","iva_rep_4","iva_rep_4","tax_group_sale",,,,,,,,"False","False"
"fptt_irpf21sale_4_2","fp_irpf21","iva_rep_4","irpf_sale_21","tax_group_sale",,,,,,,,"False","False"
"fptt_irpf21_21","fp_irpf21","iva_sop_21","iva_sop_21","tax_group_purchase",,,,,,,,"False","False"
"fptt_irpf21_21_2","fp_irpf21","iva_sop_21","irpf_21","tax_group_purchase",,,,,,,,"False","False"
"fptt_irpf21_10","fp_irpf21","iva_sop_10","iva_sop_10","tax_group_purchase",,,,,,,,"False","False"
"fptt_irpf21_10_2","fp_irpf21","iva_sop_10","irpf_21","tax_group_purchase",,,,,,,,"False","False"
"fptt_irpf21_4","fp_irpf21","iva_sop_4","iva_sop_4","tax_group_purchase",,,,,,,,"False","False"
"fptt_irpf21_4_2","fp_irpf21","iva_sop_4","irpf_21","tax_group_purchase",,,,,,,,"False","False"
"fptt_irpf20sale_21","fp_irpf20","iva_rep_21","iva_rep_21","tax_group_sale",,,,,,,,"False","False"
"fptt_irpf20sale_21_2","fp_irpf20","iva_rep_21","irpf_sale_20","tax_group_sale",,,,,,,,"False","False"
"fptt_irpf20sale_16_2","fp_irpf20","iva_rep_16","irpf_sale_20","tax_group_sale",,,,,,,,"False","False"
"fptt_irpf20sale_10","fp_irpf20","iva_rep_10","iva_rep_10","tax_group_sale",,,,,,,,"False","False"
"fptt_irpf20sale_10_2","fp_irpf20","iva_rep_10","irpf_sale_20","tax_group_sale",,,,,,,,"False","False"
"fptt_irpf20sale_4","fp_irpf20","iva_rep_4","iva_rep_4","tax_group_sale",,,,,,,,"False","False"
"fptt_irpf20sale_4_2","fp_irpf20","iva_rep_4","irpf_sale_20","tax_group_sale",,,,,,,,"False","False"
"fptt_irpf20_21","fp_irpf20","iva_sop_21","iva_sop_21","tax_group_purchase",,,,,,,,"False","False"
"fptt_irpf20_21_2","fp_irpf20","iva_sop_21","irpf_20","tax_group_purchase",,,,,,,,"False","False"
"fptt_irpf20_10","fp_irpf20","iva_sop_10","iva_sop_10","tax_group_purchase",,,,,,,,"False","False"
"fptt_irpf20_10_2","fp_irpf20","iva_sop_10","irpf_20","tax_group_purchase",,,,,,,,"False","False"
"fptt_irpf20_4","fp_irpf20","iva_sop_4","iva_sop_4","tax_group_purchase",,,,,,,,"False","False"
"fptt_irpf20_4_2","fp_irpf20","iva_sop_4","irpf_20","tax_group_purchase",,,,,,,,"False","False"
"fptt_irpf19sale_21","fp_irpf19","iva_rep_21","iva_rep_21","tax_group_sale",,,,,,,,"False","False"
"fptt_irpf19sale_21_2","fp_irpf19","iva_rep_21","irpf_sale_19","tax_group_sale",,,,,,,,"False","False"
"fptt_irpf19sale_10","fp_irpf19","iva_rep_10","iva_rep_10","tax_group_sale",,,,,,,,"False","False"
"fptt_irpf19sale_10_2","fp_irpf19","iva_rep_10","irpf_sale_19","tax_group_sale",,,,,,,,"False","False"
"fptt_irpf19sale_4","fp_irpf19","iva_rep_4","iva_rep_4","tax_group_sale",,,,,,,,"False","False"
"fptt_irpf19sale_4_2","fp_irpf19","iva_rep_4","irpf_sale_19","tax_group_sale",,,,,,,,"False","False"
"fptt_irpf19_21","fp_irpf19","iva_sop_21","iva_sop_21","tax_group_purchase",,,,,,,,"False","False"
"fptt_irpf19_21_2","fp_irpf19","iva_sop_21","irpf_19","tax_group_purchase",,,,,,,,"False","False"
"fptt_irpf19_10","fp_irpf19","iva_sop_10","iva_sop_10","tax_group_purchase",,,,,,,,"False","False"
"fptt_irpf19_10_2","fp_irpf19","iva_sop_10","irpf_19","tax_group_purchase",,,,,,,,"False","False"
"fptt_irpf19_4","fp_irpf19","iva_sop_4","iva_sop_4","tax_group_purchase",,,,,,,,"False","False"
"fptt_irpf19_4_2","fp_irpf19","iva_sop_4","irpf_19","tax_group_purchase",,,,,,,,"False","False"
"fptt_irpf18sale_21","fp_irpf18","iva_rep_21","iva_rep_21","tax_group_sale",,,,,,,,"False","False"
"fptt_irpf18sale_21_2","fp_irpf18","iva_rep_21","irpf_sale_18","tax_group_sale",,,,,,,,"False","False"
"fptt_irpf18sale_10","fp_irpf18","iva_rep_10","iva_rep_10","tax_group_sale",,,,,,,,"False","False"
"fptt_irpf18sale_10_2","fp_irpf18","iva_rep_10","irpf_sale_18","tax_group_sale",,,,,,,,"False","False"
"fptt_irpf18sale_4","fp_irpf18","iva_rep_4","iva_rep_4","tax_group_sale",,,,,,,,"False","False"
"fptt_irpf18sale_4_2","fp_irpf18","iva_rep_4","irpf_sale_18","tax_group_sale",,,,,,,,"False","False"
"fptt_irpf18_21","fp_irpf18","iva_sop_21","iva_sop_21","tax_group_purchase",,,,,,,,"False","False"
"fptt_irpf18_21_2","fp_irpf18","iva_sop_21","irpf_18","tax_group_purchase",,,,,,,,"False","False"
"fptt_irpf18_10","fp_irpf18","iva_sop_10","iva_sop_10","tax_group_purchase",,,,,,,,"False","False"
"fptt_irpf18_8_10","fp_irpf18","iva_sop_10","irpf_18","tax_group_purchase",,,,,,,,"False","False"
"fptt_irpf18_4","fp_irpf18","iva_sop_4","iva_sop_4","tax_group_purchase",,,,,,,,"False","False"
"fptt_irpf18_4_2","fp_irpf18","iva_sop_4","irpf_18","tax_group_purchase",,,,,,,,"False","False"
"fptt_irpf15sale_21","fp_irpf15","iva_rep_21","iva_rep_21","tax_group_sale",,,,,,,,"False","False"
"fptt_irpf15sale_21_2","fp_irpf15","iva_rep_21","irpf_sale_15","tax_group_sale",,,,,,,,"False","False"
"fptt_irpf15sale_10","fp_irpf15","iva_rep_10","iva_rep_10","tax_group_sale",,,,,,,,"False","False"
"fptt_irpf15sale_10_2","fp_irpf15","iva_rep_10","irpf_sale_15","tax_group_sale",,,,,,,,"False","False"
"fptt_irpf15sale_4","fp_irpf15","iva_rep_4","iva_rep_4","tax_group_sale",,,,,,,,"False","False"
"fptt_irpf15sale_4_2","fp_irpf15","iva_rep_4","irpf_sale_15","tax_group_sale",,,,,,,,"False","False"
"fptt_irpf15_21","fp_irpf15","iva_sop_21","iva_sop_21","tax_group_purchase",,,,,,,,"False","False"
"fptt_irpf15_21_2","fp_irpf15","iva_sop_21","irpf_15","tax_group_purchase",,,,,,,,"False","False"
"fptt_irpf15_10","fp_irpf15","iva_sop_10","iva_sop_10","tax_group_purchase",,,,,,,,"False","False"
"fptt_irpf15_10_2","fp_irpf15","iva_sop_10","irpf_15","tax_group_purchase",,,,,,,,"False","False"
"fptt_irpf15_4","fp_irpf15","iva_sop_4","iva_sop_4","tax_group_purchase",,,,,,,,"False","False"
"fptt_irpf15_4_2","fp_irpf15","iva_sop_4","irpf_15","tax_group_purchase",,,,,,,,"False","False"
"fptt_irpf9sale_21","fp_irpf9","iva_rep_21","iva_rep_21","tax_group_sale",,,,,,,,"False","False"
"fptt_irpf9sale_21_2","fp_irpf9","iva_rep_21","irpf_sale_9","tax_group_sale",,,,,,,,"False","False"
"fptt_irpf9sale_10","fp_irpf9","iva_rep_10","iva_rep_10","tax_group_sale",,,,,,,,"False","False"
"fptt_irpf9sale_10_2","fp_irpf9","iva_rep_10","irpf_sale_9","tax_group_sale",,,,,,,,"False","False"
"fptt_irpf9sale_4","fp_irpf9","iva_rep_4","iva_rep_4","tax_group_sale",,,,,,,,"False","False"
"fptt_irpf9sale_4_2","fp_irpf9","iva_rep_4","irpf_sale_9","tax_group_sale",,,,,,,,"False","False"
"fptt_irpf9_21","fp_irpf9","iva_sop_21","iva_sop_21","tax_group_purchase",,,,,,,,"False","False"
"fptt_irpf9_21_2","fp_irpf9","iva_sop_21","irpf_9","tax_group_purchase",,,,,,,,"False","False"
"fptt_irpf9_10","fp_irpf9","iva_sop_10","iva_sop_10","tax_group_purchase",,,,,,,,"False","False"
"fptt_irpf9_10_2","fp_irpf9","iva_sop_10","irpf_9","tax_group_purchase",,,,,,,,"False","False"
"fptt_irpf9_4","fp_irpf9","iva_sop_4","iva_sop_4","tax_group_purchase",,,,,,,,"False","False"
"fptt_irpf9_4_2","fp_irpf9","iva_sop_4","irpf_9","tax_group_purchase",,,,,,,,"False","False"
"fptt_irpf7sale_21","fp_irpf7","iva_rep_21","iva_rep_21","tax_group_sale",,,,,,,,"False","False"
"fptt_irpf7sale_21_2","fp_irpf7","iva_rep_21","irpf_sale_7","tax_group_sale",,,,,,,,"False","False"
"fptt_irpf7sale_10","fp_irpf7","iva_rep_10","iva_rep_10","tax_group_sale",,,,,,,,"False","False"
"fptt_irpf7sale_10_2","fp_irpf7","iva_rep_10","irpf_sale_7","tax_group_sale",,,,,,,,"False","False"
"fptt_irpf7sale_4","fp_irpf7","iva_rep_4","iva_rep_4","tax_group_sale",,,,,,,,"False","False"
"fptt_irpf7sale_4_2","fp_irpf7","iva_rep_4","irpf_sale_7","tax_group_sale",,,,,,,,"False","False"
"fptt_irpf7_21","fp_irpf7","iva_sop_21","iva_sop_21","tax_group_purchase",,,,,,,,"False","False"
"fptt_irpf7_21_2","fp_irpf7","iva_sop_21","irpf_7","tax_group_purchase",,,,,,,,"False","False"
"fptt_irpf7_10","fp_irpf7","iva_sop_10","iva_sop_10","tax_group_purchase",,,,,,,,"False","False"
"fptt_irpf7_10_2","fp_irpf7","iva_sop_10","irpf_7","tax_group_purchase",,,,,,,,"False","False"
"fptt_irpf7_4","fp_irpf7","iva_sop_4","iva_sop_4","tax_group_purchase",,,,,,,,"False","False"
"fptt_irpf7_4_2","fp_irpf7","iva_sop_4","irpf_7","tax_group_purchase",,,,,,,,"False","False"
"fptt_irpf2sale_21","fp_irpf2","iva_rep_21","iva_rep_21","tax_group_sale",,,,,,,,"False","False"
"fptt_irpf2sale_21_2","fp_irpf2","iva_rep_21","irpf_sale_2","tax_group_sale",,,,,,,,"False","False"
"fptt_irpf2sale_10","fp_irpf2","iva_rep_10","iva_rep_10","tax_group_sale",,,,,,,,"False","False"
"fptt_irpf2sale_10_2","fp_irpf2","iva_rep_10","irpf_sale_2","tax_group_sale",,,,,,,,"False","False"
"fptt_irpf2sale_4","fp_irpf2","iva_rep_4","iva_rep_4","tax_group_sale",,,,,,,,"False","False"
"fptt_irpf2sale_4_2","fp_irpf2","iva_rep_4","irpf_sale_2","tax_group_sale",,,,,,,,"False","False"
"fptt_irpf2_21","fp_irpf2","iva_sop_21","iva_sop_21","tax_group_purchase",,,,,,,,"False","False"
"fptt_irpf2_21_2","fp_irpf2","iva_sop_21","irpf_2","tax_group_purchase",,,,,,,,"False","False"
"fptt_irpf2_10","fp_irpf2","iva_sop_10","iva_sop_10","tax_group_purchase",,,,,,,,"False","False"
"fptt_irpf2_10_2","fp_irpf2","iva_sop_10","irpf_2","tax_group_purchase",,,,,,,,"False","False"
"fptt_irpf2_4","fp_irpf2","iva_sop_4","iva_sop_4","tax_group_purchase",,,,,,,,"False","False"
"fptt_irpf2_4_2","fp_irpf2","iva_sop_4","irpf_2","tax_group_purchase",,,,,,,,"False","False"
"fptt_irpf1sale_21","fp_irpf1","iva_rep_21","iva_rep_21","tax_group_sale",,,,,,,,"False","False"
"fptt_irpf1sale_21_2","fp_irpf1","iva_rep_21","irpf_sale_1","tax_group_sale",,,,,,,,"False","False"
"fptt_irpf1sale_10","fp_irpf1","iva_rep_10","iva_rep_10","tax_group_sale",,,,,,,,"False","False"
"fptt_irpf1sale_10_2","fp_irpf1","iva_rep_10","irpf_sale_1","tax_group_sale",,,,,,,,"False","False"
"fptt_irpf1sale_4","fp_irpf1","iva_rep_4","iva_rep_4","tax_group_sale",,,,,,,,"False","False"
"fptt_irpf1sale_4_2","fp_irpf1","iva_rep_4","irpf_sale_1","tax_group_sale",,,,,,,,"False","False"
"fptt_irpf1_21","fp_irpf1","iva_sop_21","iva_sop_21","tax_group_purchase",,,,,,,,"False","False"
"fptt_irpf1_21_2","fp_irpf1","iva_sop_21","irpf_1","tax_group_purchase",,,,,,,,"False","False"
"fptt_irpf1_10","fp_irpf1","iva_sop_10","iva_sop_10","tax_group_purchase",,,,,,,,"False","False"
"fptt_irpf1_10_2","fp_irpf1","iva_sop_10","irpf_1","tax_group_purchase",,,,,,,,"False","False"
"fptt_irpf1_4","fp_irpf1","iva_sop_4","iva_sop_4","tax_group_purchase",,,,,,,,"False","False"
"fptt_irpf1_4_2","fp_irpf1","iva_sop_4","irpf_1","tax_group_purchase",,,,,,,,"False","False"
"fptt_irpf21sale_ex","fp_irpf21","iva_rep_ex","iva_rep_ex","tax_group_sale",,,,,,,,"False","False"
"fptt_irpf21sale_ex_2","fp_irpf21","iva_rep_ex","irpf_sale_21","tax_group_sale",,,,,,,,"False","False"
"fptt_irpf20sale_ex","fp_irpf20","iva_rep_ex","iva_rep_ex","tax_group_sale",,,,,,,,"False","False"
"fptt_irpf20sale_ex_2","fp_irpf20","iva_rep_ex","irpf_sale_20","tax_group_sale",,,,,,,,"False","False"
"fptt_irpf19sale_ex","fp_irpf19","iva_rep_ex","iva_rep_ex","tax_group_sale",,,,,,,,"False","False"
"fptt_irpf19sale_ex_2","fp_irpf19","iva_rep_ex","irpf_sale_19","tax_group_sale",,,,,,,,"False","False"
"fptt_irpf18sale_ex","fp_irpf18","iva_rep_ex","iva_rep_ex","tax_group_sale",,,,,,,,"False","False"
"fptt_irpf18sale_ex_2","fp_irpf18","iva_rep_ex","irpf_sale_18","tax_group_sale",,,,,,,,"False","False"
"fptt_irpf15sale_ex","fp_irpf15","iva_rep_ex","iva_rep_ex","tax_group_sale",,,,,,,,"False","False"
"fptt_irpf15sale_ex_2","fp_irpf15","iva_rep_ex","irpf_sale_15","tax_group_sale",,,,,,,,"False","False"
"fptt_irpf9sale_ex","fp_irpf9","iva_rep_ex","iva_rep_ex","tax_group_sale",,,,,,,,"False","False"
"fptt_irpf9sale_ex_2","fp_irpf9","iva_rep_ex","irpf_sale_9","tax_group_sale",,,,,,,,"False","False"
"fptt_irpf7sale_ex","fp_irpf7","iva_rep_ex","iva_rep_ex","tax_group_sale",,,,,,,,"False","False"
"fptt_irpf7sale_ex_2","fp_irpf7","iva_rep_ex","irpf_sale_7","tax_group_sale",,,,,,,,"False","False"
"fptt_irpf2sale_ex","fp_irpf2","iva_rep_ex","iva_rep_ex","tax_group_sale",,,,,,,,"False","False"
"fptt_irpf2sale_ex_2","fp_irpf2","iva_rep_ex","irpf_sale_2","tax_group_sale",,,,,,,,"False","False"
"fptt_irpf1sale_ex","fp_irpf1","iva_rep_ex","iva_rep_ex","tax_group_sale",,,,,,,,"False","False"
"fptt_irpf1sale_ex_2","fp_irpf1","iva_rep_ex","irpf_sale_1","tax_group_sale",,,,,,,,"False","False"
"fptt_irpf21_0","fp_irpf21","iva_sop_ex","iva_sop_ex","tax_group_purchase",,,,,,,,"False","False"
"fptt_irpf21_0_2","fp_irpf21","iva_sop_ex","irpf_21","tax_group_purchase",,,,,,,,"False","False"
"fptt_irpf20_0","fp_irpf20","iva_sop_ex","iva_sop_ex","tax_group_purchase",,,,,,,,"False","False"
"fptt_irpf20_0_2","fp_irpf20","iva_sop_ex","irpf_20","tax_group_purchase",,,,,,,,"False","False"
"fptt_irpf19_0","fp_irpf19","iva_sop_ex","iva_sop_ex","tax_group_purchase",,,,,,,,"False","False"
"fptt_irpf19_0_2","fp_irpf19","iva_sop_ex","irpf_19","tax_group_purchase",,,,,,,,"False","False"
"fptt_irpf18_0","fp_irpf18","iva_sop_ex","iva_sop_ex","tax_group_purchase",,,,,,,,"False","False"
"fptt_irpf18_0_2","fp_irpf18","iva_sop_ex","irpf_18","tax_group_purchase",,,,,,,,"False","False"
"fptt_irpf15_0","fp_irpf15","iva_sop_ex","iva_sop_ex","tax_group_purchase",,,,,,,,"False","False"
"fptt_irpf15_0_2","fp_irpf15","iva_sop_ex","irpf_15","tax_group_purchase",,,,,,,,"False","False"
"fptt_irpf9_0","fp_irpf9","iva_sop_ex","iva_sop_ex","tax_group_purchase",,,,,,,,"False","False"
"fptt_irpf9_0_2","fp_irpf9","iva_sop_ex","irpf_9","tax_group_purchase",,,,,,,,"False","False"
"fptt_irpf7_0","fp_irpf7","iva_sop_ex","iva_sop_ex","tax_group_purchase",,,,,,,,"False","False"
"fptt_irpf7_0_2","fp_irpf7","iva_sop_ex","irpf_7","tax_group_purchase",,,,,,,,"False","False"
"fptt_irpf2_0","fp_irpf2","iva_sop_ex","iva_sop_ex","tax_group_purchase",,,,,,,,"False","False"
"fptt_irpf2_0_2","fp_irpf2","iva_sop_ex","irpf_2","tax_group_purchase",,,,,,,,"False","False"
"fptt_irpf1_0","fp_irpf1","iva_sop_ex","iva_sop_ex","tax_group_purchase",,,,,,,,"False","False"
"fptt_irpf1_0_2","fp_irpf1","iva_sop_ex","irpf_1","tax_group_purchase",,,,,,,,"False","False"
"fp_reagp_iva_4","fp_reagp","iva_sop_4","iva_reagp_compras_12","tax_group_purchase",,,,,,,,"False","False"
"fp_reagp_iva_4_inv","fp_reagp","iva_sop_4_inv","iva_reagp_compras_12","tax_group_purchase",,,,,,,,"False","False"
"fp_reagp_iva_10","fp_reagp","iva_sop_10","iva_reagp_compras_12","tax_group_purchase",,,,,,,,"False","False"
"fp_reagp_iva_10_inv","fp_reagp","iva_sop_10_inv","iva_reagp_compras_12","tax_group_purchase",,,,,,,,"False","False"
"fp_reagp_iva_21","fp_reagp","iva_sop_21","iva_reagp_compras_12","tax_group_purchase",,,,,,,,"False","False"
"fp_reagp_iva_21_inv","fp_reagp","iva_sop_21_inv","iva_reagp_compras_12","tax_group_purchase",,,,,,,,"False","False"
"fptt_exento_4","fp_exento","iva_sop_4","iva_sop_ex","tax_group_purchase",,,,,,,,"False","False"
"fptt_exento_4_inv","fp_exento","iva_sop_4_inv","iva_sop_ex_inv","tax_group_purchase",,,,,,,,"False","False"
"fptt_exento_10","fp_exento","iva_sop_10","iva_sop_ex","tax_group_purchase",,,,,,,,"False","False"
"fptt_exento_10_inv","fp_exento","iva_sop_10_inv","iva_sop_ex_inv","tax_group_purchase",,,,,,,,"False","False"
"fptt_exento_21","fp_exento","iva_sop_21","iva_sop_ex","tax_group_purchase",,,,,,,,"False","False"
"fptt_exento_21_inv","fp_exento","iva_sop_21_inv","iva_sop_ex_inv","tax_group_purchase",,,,,,,,"False","False"
"fptt_exento_ventas_4","fp_exento","iva_rep_4","iva_rep_ex","tax_group_sale",,,,,,,,"False","False"
"fptt_exento_ventas_10","fp_exento","iva_rep_10","iva_rep_ex","tax_group_sale",,,,,,,,"False","False"
"fptt_exento_ventas_21","fp_exento","iva_rep_21","iva_rep_ex","tax_group_sale",,,,,,,,"False","False"
"fptt_exento_ter_rus_4","fp_exento_ter_rus","iva_sop_4","iva_sop_ex","tax_group_purchase",,,,,,,,"False","False"
"fptt_exento_ter_rus_4_inv","fp_exento_ter_rus","iva_sop_4_inv","iva_sop_ex_inv","tax_group_purchase",,,,,,,,"False","False"
"fptt_exento_ter_rus_10","fp_exento_ter_rus","iva_sop_10","iva_sop_ex","tax_group_purchase",,,,,,,,"False","False"
"fptt_exento_ter_rus_10_inv","fp_exento_ter_rus","iva_sop_10_inv","iva_sop_ex_inv","tax_group_purchase",,,,,,,,"False","False"
"fptt_exento_ter_rus_21","fp_exento_ter_rus","iva_sop_21","iva_sop_ex","tax_group_purchase",,,,,,,,"False","False"
"fptt_exento_ter_rus_21_inv","fp_exento_ter_rus","iva_sop_21_inv","iva_sop_ex_inv","tax_group_purchase",,,,,,,,"False","False"
"fptt_exento_ter_rus_ventas_4","fp_exento_ter_rus","iva_rep_4","iva_rep_0_ter_rus","tax_group_sale",,,,,,,,"False","False"
"fptt_exento_ter_rus_ventas_10","fp_exento_ter_rus","iva_rep_10","iva_rep_0_ter_rus","tax_group_sale",,,,,,,,"False","False"
"fptt_exento_ter_rus_ventas_21","fp_exento_ter_rus","iva_rep_21","iva_rep_0_ter_rus","tax_group_sale",,,,,,,,"False","False"
"fptt_exento_asis_4","fp_exento_asis","iva_sop_4","iva_sop_ex","tax_group_purchase",,,,,,,,"False","False"
"fptt_exento_asis_4_inv","fp_exento_asis","iva_sop_4_inv","iva_sop_ex_inv","tax_group_purchase",,,,,,,,"False","False"
"fptt_exento_asis_10","fp_exento_asis","iva_sop_10","iva_sop_ex","tax_group_purchase",,,,,,,,"False","False"
"fptt_exento_asis_10_inv","fp_exento_asis","iva_sop_10_inv","iva_sop_ex_inv","tax_group_purchase",,,,,,,,"False","False"
"fptt_exento_asis_21","fp_exento_asis","iva_sop_21","iva_sop_ex","tax_group_purchase",,,,,,,,"False","False"
"fptt_exento_asis_21_inv","fp_exento_asis","iva_sop_21_inv","iva_sop_ex_inv","tax_group_purchase",,,,,,,,"False","False"
"fptt_exento_asis_ventas_4","fp_exento_asis","iva_rep_4","iva_rep_0_asis","tax_group_sale",,,,,,,,"False","False"
"fptt_exento_asis_ventas_10","fp_exento_asis","iva_rep_10","iva_rep_0_asis","tax_group_sale",,,,,,,,"False","False"
"fptt_exento_asis_ventas_21","fp_exento_asis","iva_rep_21","iva_rep_0_asis","tax_group_sale",,,,,,,,"False","False"
"fptt_isp_reciclaje_4","fp_isp_reciclaje","iva_sop_4","iva_ISP_compras","tax_group_purchase",,,,,,,,"False","False"
"fptt_isp_reciclaje_4_inv","fp_isp_reciclaje","iva_sop_4_inv","iva_ISP_compras","tax_group_purchase",,,,,,,,"False","False"
"fptt_isp_reciclaje_10","fp_isp_reciclaje","iva_sop_10","iva_ISP_compras","tax_group_purchase",,,,,,,,"False","False"
"fptt_isp_reciclaje_10_inv","fp_isp_reciclaje","iva_sop_10_inv","iva_ISP_compras","tax_group_purchase",,,,,,,,"False","False"
"fptt_isp_reciclaje_21","fp_isp_reciclaje","iva_sop_21","iva_ISP_compras","tax_group_purchase",,,,,,,,"False","False"
"fptt_isp_reciclaje_21_inv","fp_isp_reciclaje","iva_sop_21_inv","iva_ISP_compras","tax_group_purchase",,,,,,,,"False","False"
"fptt_isp_reciclaje_ventas_4","fp_isp_reciclaje","iva_rep_4","iva_ISP_reciclaje_0","tax_group_sale",,,,,,,,"False","False"
"fptt_isp_reciclaje_ventas_10","fp_isp_reciclaje","iva_rep_10","iva_ISP_reciclaje_0","tax_group_sale",,,,,,,,"False","False"
"fptt_isp_reciclaje_ventas_21","fp_isp_reciclaje","iva_rep_21","iva_ISP_reciclaje_0","tax_group_sale",,,,,,,,"False","False"
"fptt_isp_obra_4","fp_isp_obra","iva_sop_4","iva_ISP_compras","tax_group_purchase",,,,,,,,"False","False"
"fptt_isp_obra_4_inv","fp_isp_obra","iva_sop_4_inv","iva_ISP_compras","tax_group_purchase",,,,,,,,"False","False"
"fptt_isp_obra_10","fp_isp_obra","iva_sop_10","iva_ISP_compras","tax_group_purchase",,,,,,,,"False","False"
"fptt_isp_obra_10_inv","fp_isp_obra","iva_sop_10_inv","iva_ISP_compras","tax_group_purchase",,,,,,,,"False","False"
"fptt_isp_obra_21","fp_isp_obra","iva_sop_21","iva_ISP_compras","tax_group_purchase",,,,,,,,"False","False"
"fptt_isp_obra_21_inv","fp_isp_obra","iva_sop_21_inv","iva_ISP_compras","tax_group_purchase",,,,,,,,"False","False"
"fptt_isp_obra_ventas_4","fp_isp_obra","iva_rep_4","iva_ISP_obra_0","tax_group_sale",,,,,,,,"False","False"
"fptt_isp_obra_ventas_10","fp_isp_obra","iva_rep_10","iva_ISP_obra_0","tax_group_sale",,,,,,,,"False","False"
"fptt_isp_obra_ventas_21","fp_isp_obra","iva_rep_21","iva_ISP_obra_0","tax_group_sale",,,,,,,,"False","False"
